<?xml version="1.0" encoding="UTF-8"?>
<!DOCTYPE manifest PUBLIC "DarManifest 0.1.0" "http://darformat.org/DarManifest-0.1.0.dtd"><dar><!-- Generated by Fidus Writer --><documents><document id="manuscript" name="Text Section (Chapter 1)" type="article" path="manuscript.xml" /></documents><assets><asset id="6fcd536f-7b25-4706-ba4e-aef280055634" mime-type="image/jpeg" name="Citation needed FR" path="6fcd536f-7b25-4706-ba4e-aef280055634.jpg"/><asset id="63e9e3b9-9635-4931-b968-b27c31dfebe1" mime-type="image/jpeg" name="Citation needed EN" path="63e9e3b9-9635-4931-b968-b27c31dfebe1.jpg"/><asset id="c257c489-b841-4e89-aa1f-5f0fd3ddee69" mime-type="image/png" name="Citation needed CN" path="c257c489-b841-4e89-aa1f-5f0fd3ddee69.png"/><asset id="62eced6f-e46a-4522-9622-7ee0104cc268" mime-type="image/png" name="citation needed Assamese" path="62eced6f-e46a-4522-9622-7ee0104cc268.png"/><asset id="aef965af-46d4-425c-84e9-0ba965f9dfd6" mime-type="image/png" name="citation needed Marathi" path="aef965af-46d4-425c-84e9-0ba965f9dfd6.png"/><asset id="2bed2ca9-3b73-4250-ae6e-7a6bd1d5ef80" mime-type="image/png" name="citation needed polish" path="2bed2ca9-3b73-4250-ae6e-7a6bd1d5ef80.png"/><asset id="2a13ae3f-c7b7-4312-974d-7f3f06e6fe31" mime-type="image/jpeg" name="Citation needed Jimmy Wales" path="2a13ae3f-c7b7-4312-974d-7f3f06e6fe31.jpg"/><asset id="f40cc1e5-427f-478b-b3d9-5fb60ccb0afd" mime-type="image/jpeg" name="Citation needed March for Science" path="f40cc1e5-427f-478b-b3d9-5fb60ccb0afd.jpg"/><asset id="14f35b9b-8f40-4f72-804f-78a9ec2c3479" mime-type="image/jpeg" name="Citation needed demo" path="14f35b9b-8f40-4f72-804f-78a9ec2c3479.jpg"/><asset id="7c6e8240-04b3-4fa7-84fb-b3855c905735" mime-type="image/jpeg" name="Table image" path="7c6e8240-04b3-4fa7-84fb-b3855c905735.jpg"/><asset id="090b27be-b68d-4325-9442-7a94408dc0d0" mime-type="image/jpeg" name="Math abacus" path="090b27be-b68d-4325-9442-7a94408dc0d0.jpg"/></assets></dar>