<?xml version="1.0" encoding="UTF-8"?>
<!DOCTYPE article PUBLIC "-//NLM//DTD JATS (Z39.96) Journal Archiving and Interchange DTD v1.2 20190208//EN" "https://jats.nlm.nih.gov/archiving/1.2/JATS-archivearticle1.dtd">
<article xmlns:xlink="http://www.w3.org/1999/xlink" xmlns:ali="http://www.niso.org/schemas/ali/1.0/"><front><article-meta><article-categories></article-categories><title-group><article-title>Text Section (Chapter 1)</article-title></title-group><permissions><copyright-year>2021</copyright-year><copyright-holder>The Author</copyright-holder><ali:free_to_read/><license><ali:license_ref>https://creativecommons.org/publicdomain/zero/1.0/</ali:license_ref></license></permissions></article-meta></front><body id="body"><sec id="h-1"><sec id="H1003956"><title>What you will find in this section:</title><list list-type="bullet" id="list-1"><list-item><p id="p-1">Use of optional Fidus Writer sections: Subtitle, Author (2), Abstract, Keywords</p></list-item><list-item><p id="p-2">Unordered list</p></list-item><list-item><p id="p-3">Indented unordered list</p></list-item><list-item><p id="p-4">Ordered list</p></list-item><list-item><p id="p-5">Ordered list with number start set</p></list-item><list-item><p id="p-6">Indented ordered list</p></list-item><list-item><p id="p-7">Text</p></list-item><list-item><p id="p-8">H1, H2, H3, H4, H5, H6</p></list-item><list-item><p id="p-9">Code formatting</p></list-item><list-item><p id="p-10">Images with captions, with no captions. Listed and not listed as figure. Image at 100%, 50%, 25%. Using an image category.</p></list-item><list-item><p id="p-11">Tables, images as tables</p></list-item><list-item><p id="p-12">Math, image as math</p></list-item><list-item><p id="p-13">References</p></list-item><list-item><p id="p-14">Footnotes</p></list-item><list-item><p id="p-15">Web URLs; Internal Fidus Writer document links, Anchors</p></list-item><list-item><p id="p-16">Text formatting: bold, italic, underline</p></list-item><list-item><p id="p-17">Blockquote</p></list-item><list-item><p id="p-18">Copyright information using Fidus Writer document information setting</p></list-item><list-item><p id="p-19">Language setting</p></list-item></list></sec><sec id="H1581297"><title>Start of text</title><p id="p-20">Lorem ipsum dolor sit amet, consectetur adipiscing elit. Duis ut enim diam. Aliquam erat volutpat. Ut commodo nibh ut maximus sodales. Mauris a enim non neque bibendum tincidunt at et eros. Nunc sed rutrum nibh. Nam vulputate pharetra velit euismod ullamcorper. Duis nec ligula nec magna facilisis luctus. Aliquam id accumsan leo. Etiam at velit vulputate, consequat leo id, imperdiet ante. Integer eget ornare turpis, eu convallis velit.</p><sec id="H2736763"><title>Lists</title><sec id="H1860783"><title>Ordered list:</title><list list-type="bullet" id="list-2"><list-item><p id="p-21">Nulla ac felis et dolor porttitor auctor nec eget orci.</p></list-item><list-item><p id="p-22">Integer aliquet purus maximus sem sagittis, vitae condimentum est tempus.</p></list-item><list-item><p id="p-23">Pellentesque sed ligula eget lacus scelerisque aliquet.</p></list-item><list-item><p id="p-24">Phasellus non nulla vitae sapien lobortis dictum.</p></list-item><list-item><p id="p-25">Etiam imperdiet risus in efficitur dictum.</p></list-item></list></sec><sec id="H3077438"><title>Indented Ordered list:</title><list list-type="bullet" id="list-3"><list-item><p id="p-26">Nulla ac felis et dolor porttitor auctor nec eget orci.</p><list list-type="bullet" id="list-4"><list-item><p id="p-27">1 indent: Integer aliquet purus maximus sem sagittis, vitae condimentum est tempus.</p><list list-type="bullet" id="list-5"><list-item><p id="p-28">2 indent</p><list list-type="bullet" id="list-6"><list-item><p id="p-29">3 indent</p><list list-type="bullet" id="list-7"><list-item><p id="p-30">4 Indent</p></list-item></list></list-item></list></list-item></list></list-item></list></list-item><list-item><p id="p-31">Etiam imperdiet risus in efficitur dictum.</p></list-item></list></sec><sec id="H8642363"><title>Ordered list:</title><list list-type="order" id="list-8"><list-item><p id="p-32">Maecenas pulvinar vel metus in bibendum. </p></list-item><list-item><p id="p-33">Mauris congue odio sit amet velit ultrices posuere. </p></list-item><list-item><p id="p-34">Vivamus pellentesque porttitor ligula in volutpat. </p></list-item><list-item><p id="p-35">Proin et porta mauris, sed sodales ligula. </p></list-item><list-item><p id="p-36">Fusce gravida facilisis dui, ut tristique lacus volutpat nec. </p></list-item><list-item><p id="p-37">Integer vitae sagittis mauris, non porttitor urna.  </p></list-item></list></sec><sec id="H6844251"><title>Ordered list two - with start number set as 5 using the Fidus Writer setting:</title><list list-type="order" id="list-9"><list-item><p id="p-38">Maecenas pulvinar vel metus in bibendum. </p></list-item><list-item><p id="p-39">Mauris congue odio sit amet velit ultrices posuere. </p></list-item><list-item><p id="p-40">Vivamus pellentesque porttitor ligula in volutpat. </p></list-item><list-item><p id="p-41">Proin et porta mauris, sed sodales ligula. </p></list-item><list-item><p id="p-42">Fusce gravida facilisis dui, ut tristique lacus volutpat nec. </p></list-item><list-item><p id="p-43">Integer vitae sagittis mauris, non porttitor urna.</p></list-item></list></sec><sec id="H8647294"><title>Indented ordered list</title><list list-type="order" id="list-10"><list-item><p id="p-44">Maecenas pulvinar vel metus in bibendum. </p><list list-type="order" id="list-11"><list-item><p id="p-45">Mauris congue odio sit amet velit ultrices posuere. </p><list list-type="order" id="list-12"><list-item><p id="p-46">Vivamus pellentesque porttitor ligula in volutpat. </p><list list-type="order" id="list-13"><list-item><p id="p-47">Proin et porta mauris, sed sodales ligula. </p><list list-type="order" id="list-14"><list-item><p id="p-48">Fusce gravida facilisis dui, ut tristique lacus volutpat nec.</p><list list-type="order" id="list-15"><list-item><p id="p-49"> Integer vitae sagittis mauris, non porttitor urna. </p><list list-type="order" id="list-16"><list-item><p id="p-50">Sed tincidunt, dui ut ullamcorper tempor, dolor velit feugiat ex, et imperdiet mauris leo quis velit. </p></list-item></list></list-item></list></list-item></list></list-item></list></list-item></list></list-item></list></list-item></list></sec></sec><sec id="H1635418"><title>Text</title><p id="p-51">Integer lacinia dui in eleifend aliquam. Mauris eleifend eget justo vitae viverra. Nulla tempus maximus metus, ac fermentum velit placerat vel. Integer accumsan leo in nunc tincidunt placerat. Nunc sed nunc a risus semper condimentum. Aenean non egestas leo. Nulla id turpis varius, venenatis nibh et, ultrices nisi. Aliquam ultrices dapibus sapien a finibus. Vivamus in sollicitudin nibh. Proin eros quam, volutpat a facilisis sit amet, mattis eget lorem. Etiam scelerisque in felis eu sollicitudin. Integer vel vehicula risus. Morbi vestibulum est erat, faucibus molestie sapien sodales in.</p><p id="p-52">Praesent ornare massa in turpis sodales, id fringilla massa malesuada. Nam gravida urna sit amet neque sollicitudin aliquet. Praesent tristique magna vel pretium laoreet. Nam dictum at velit non euismod. Nam et elementum metus. Sed ac lacus vitae justo volutpat vulputate eget nec urna. Nulla facilisi. Quisque faucibus mollis venenatis.</p><p id="p-53">Mauris est felis, vestibulum eget ligula sit amet, scelerisque ornare tortor. Quisque auctor magna a sem iaculis, vitae volutpat nibh ornare. Nulla rutrum varius nibh vitae pharetra. Curabitur leo tellus, pharetra eget eros quis, posuere iaculis lorem. Nam iaculis augue neque, id tempus dui congue sed. Nullam eget ultrices purus. In et arcu id est egestas tincidunt. Proin vel fringilla nisi, non tempor purus.</p><p id="p-54">Aenean tincidunt arcu nisi, et cursus ligula facilisis eu. Sed ut leo lacus. Proin eget risus risus. Curabitur varius ligula eu mauris pulvinar molestie. Mauris fringilla risus magna. Vivamus lacus sem, placerat ut viverra non, rhoncus eget dolor. Fusce ut arcu rutrum dolor ornare hendrerit. Vestibulum ut porttitor tellus, a venenatis elit. Nullam sit amet rhoncus nibh, ac eleifend ante. Sed quis venenatis diam, eget euismod metus. Integer sed viverra erat. Pellentesque ac purus tellus. Nam id pretium tortor, vel tempor libero. Sed quis elementum risus. Curabitur est ante, posuere non purus ut, pharetra dictum lacus. Aliquam hendrerit sagittis neque, eu elementum odio lacinia non.</p><p id="p-55">Maecenas rutrum maximus arcu, at scelerisque nisi luctus suscipit. Nunc lobortis a arcu et fermentum. Etiam nulla nunc, elementum vitae luctus non, faucibus ut sem. Cras quis pellentesque nulla. Maecenas mauris turpis, volutpat vel tellus eu, condimentum ultrices ante. Suspendisse sit amet sem a nibh accumsan placerat. Sed gravida viverra vehicula. Aliquam cursus accumsan quam, ac tristique sapien pharetra in. Suspendisse eu leo varius massa vehicula pulvinar. Integer laoreet blandit purus, dapibus viverra nulla fringilla sed. Proin ut magna consequat, ultrices felis vel, commodo eros. Proin nisl quam, gravida ut risus ac, posuere fermentum augue. Cras pretium pulvinar nibh vel gravida. In erat eros, fringilla nec ipsum sodales, tempus egestas dolor. Pellentesque risus metus, vehicula id magna non, sodales molestie augue.</p></sec><sec id="H6880234"><title>Headers and normal text styles</title></sec></sec></sec><sec id="H4490657"><title>Header 1</title><sec id="H8419696"><title>Header 2</title><sec id="H8916798"><title>Header 3</title><sec id="H7079173"><title>Header 4</title><sec id="H2991838"><title>Header 5</title><sec id="H2402273"><title>Headers 6</title><p id="p-56">Normal</p></sec></sec></sec></sec><sec id="H2805208"><title>Code style</title><p id="p-57">Code format is greyed out?</p></sec><sec id="H9315252"><title>Text formats</title><p id="p-58"><bold>Bold</bold></p><p id="p-59"><italic>Italic</italic></p><p id="p-60"><italic><bold>Bold italic</bold></italic></p><p id="p-61">Underline is greyed out?</p></sec><sec id="H607067"><title>Images</title><p id="p-62">Images with captions, with no captions. Image at 100%, 50%, 25%</p><sec id="H415836"><title>Image with caption, as figure</title><p id="p-63">Included copyright information, 100% size</p><fig id="F46521"><label>Figure 1</label><caption><p>Reference needed FR, CC 2.0</p></caption><graphic position="anchor" xlink:href="6fcd536f-7b25-4706-ba4e-aef280055634.jpg"/></fig><p id="p-64"></p></sec><sec id="H9577977"><title>Image with caption, not figure</title><p id="p-65">With caption, no listing, 50%, left. Copyright information.</p><fig id="F35988861"><caption><p>Citation needed EN</p></caption><graphic position="anchor" xlink:href="63e9e3b9-9635-4931-b968-b27c31dfebe1.jpg"/></fig><p id="p-66"></p><p id="p-67"></p><p id="p-68"></p><p id="p-69"></p><p id="p-70"></p></sec><sec id="H166321"><title>Image with caption, as photo, no caption</title><p id="p-71">Right align, 25%, with copyright</p><fig id="F40137711"><label>Photo 1</label><caption><p>Citation needed CN</p></caption><graphic position="anchor" xlink:href="c257c489-b841-4e89-aa1f-5f0fd3ddee69.png"/></fig><p id="p-72"></p><p id="p-73"></p><p id="p-74"></p><p id="p-75"></p></sec></sec><sec id="H1357540"><title>Images</title><p id="p-76">Some images to allow for counting in figures and photos. Three per type in this one document.</p><p id="p-77">Figure A</p><fig id="F50654351"><label>Figure 2</label><caption><p>Assamese</p></caption><graphic position="anchor" xlink:href="62eced6f-e46a-4522-9622-7ee0104cc268.png"/></fig><p id="p-78">Figure B</p><fig id="F77741651"><label>Figure 3</label><caption><p>Marathi</p></caption><graphic position="anchor" xlink:href="aef965af-46d4-425c-84e9-0ba965f9dfd6.png"/></fig><p id="p-79">Figure C</p><fig id="F27601541"><label>Figure 4</label><caption><p>Polish</p></caption><graphic position="anchor" xlink:href="2bed2ca9-3b73-4250-ae6e-7a6bd1d5ef80.png"/></fig><p id="p-80">Photo A</p><fig id="F46756271"><label>Photo 2</label><caption><p>Jimmy Wales</p></caption><graphic position="anchor" xlink:href="2a13ae3f-c7b7-4312-974d-7f3f06e6fe31.jpg"/></fig><p id="p-81">Photo B</p><fig id="F2133221"><label>Photo 3</label><caption><p>March for Science</p></caption><graphic position="anchor" xlink:href="f40cc1e5-427f-478b-b3d9-5fb60ccb0afd.jpg"/></fig><p id="p-82">Photo C</p><fig id="F91410751"><label>Photo 4</label><graphic position="anchor" xlink:href="14f35b9b-8f40-4f72-804f-78a9ec2c3479.jpg"/></fig><p id="p-83"></p></sec><sec id="H8876846"><title>Tables</title><table-wrap><label>Table 1</label><caption><p>Table with caption and listed, header on</p></caption><table width="100%"><tbody><tr><th><p id="p-84">Column 1</p></th><th><p id="p-85">Column 2</p></th><th><p id="p-86">Column 3</p></th><th><p id="p-87">Column 4</p></th></tr><tr><td><p id="p-88">Row 1</p></td><td><p id="p-89">data</p></td><td><p id="p-90">data</p></td><td><p id="p-91">data</p></td></tr><tr><td><p id="p-92">Row 2</p></td><td><p id="p-93">data</p></td><td><p id="p-94">data</p></td><td><p id="p-95">data</p></td></tr><tr><td><p id="p-96">Row 3</p></td><td><p id="p-97">data</p></td><td><p id="p-98">data</p></td><td><p id="p-99">data</p></td></tr><tr><td><p id="p-100">Row 4</p></td><td><p id="p-101">data</p></td><td><p id="p-102">data</p></td><td><p id="p-103">data</p></td></tr><tr><td><p id="p-104">Row 5</p></td><td><p id="p-105">data</p></td><td><p id="p-106">data</p></td><td><p id="p-107">data</p></td></tr><tr><td><p id="p-108">Row 6</p></td><td><p id="p-109">data</p></td><td><p id="p-110">data</p></td><td><p id="p-111">data</p></td></tr></tbody></table></table-wrap><fig id="F8966261"><label>Table 2</label><caption><p>A complex table</p></caption><graphic position="anchor" xlink:href="7c6e8240-04b3-4fa7-84fb-b3855c905735.jpg"/></fig></sec><sec id="H225619"><title>Math</title><p id="p-112">Equation:</p><p id="p-113"><inline-formula><tex-math><![CDATA[9\notin3\mathfrak{\Re }55\mathfrak{\Im }\ne\partial]]></tex-math></inline-formula></p><p id="p-114">Equation as image:</p><fig id="F9394491"><label>Equation 1</label><caption><p> Abacus Lübeck, Schleswig-Holstein</p></caption><graphic position="anchor" xlink:href="090b27be-b68d-4325-9442-7a94408dc0d0.jpg"/></fig></sec><sec id="H7100180"><title>References</title><p id="p-115">Nam eleifend augue sit amet faucibus accumsan. Sed felis mi, rutrum sed diam id, ultrices sodales dui. Sed consectetur sagittis lectus vitae interdum. Nulla finibus, quam id suscipit ultrices, dui purus commodo mi, at faucibus dolor sapien eu urna. Quisque cursus, velit vel sollicitudin pellentesque, magna justo euismod tellus, molestie mollis enim ligula id magna. (<xref ref-type="bibr" rid="ref-1">Ressel 2019</xref>) Maecenas varius orci ligula, et posuere massa aliquet vel. Integer pellentesque interdum convallis. Pellentesque lobortis nulla eu ligula sagittis, sed eleifend neque ultricies. Etiam venenatis arcu diam, non pharetra arcu iaculis sit amet. (<xref ref-type="bibr" rid="ref-3">Williams and Rediker 2020</xref>) Sed eros odio, pellentesque sed tellus quis, aliquet ullamcorper turpis. Quisque eu aliquam sapien. Curabitur dapibus, metus sit amet varius venenatis, nisi odio lacinia tortor, non elementum felis mauris vehicula diam. Lorem ipsum dolor sit amet, consectetur adipiscing elit. Donec nec turpis nec ligula condimentum hendrerit. Curabitur posuere tortor id odio ullamcorper, sed viverra nisi fringilla. (<xref ref-type="bibr" rid="ref-2">Rossignol 2017</xref>)</p><p id="p-116">Nulla eget rhoncus urna. Fusce ultricies quam vel tempor tristique. Pellentesque habitant morbi tristique senectus et netus et malesuada fames ac turpis egestas. Vestibulum venenatis lacus sit amet vestibulum aliquam. Suspendisse lobortis nisl sed libero gravida rhoncus. Suspendisse vestibulum eros ac mi tempor, vitae faucibus odio bibendum. Nam viverra mauris auctor blandit euismod. Vestibulum dapibus justo elementum lobortis fermentum.</p></sec><sec id="H7237703"><title>Footnotes</title><p id="p-117">Nam eleifend augue sit amet faucibus accumsan. Sed felis mi, rutrum sed diam id, ultrices sodales dui. Sed consectetur sagittis lectus vitae interdum. Nulla finibus, quam id suscipit ultrices, dui purus commodo mi, at faucibus dolor sapien eu urna. Quisque cursus, velit vel sollicitudin pellentesque, magna justo euismod tellus, molestie mollis enim ligula id magna.<xref ref-type="fn" rid="fn-1">1</xref> Maecenas varius orci ligula, et posuere massa aliquet vel. Integer pellentesque interdum convallis. Pellentesque lobortis nulla eu ligula sagittis, sed eleifend neque ultricies. Etiam venenatis arcu diam, non pharetra arcu iaculis sit amet. Sed eros odio, pellentesque sed tellus quis, aliquet ullamcorper turpis.<xref ref-type="fn" rid="fn-2">2</xref> Quisque eu aliquam sapien. Curabitur dapibus, metus sit amet varius venenatis, nisi odio lacinia tortor, non elementum felis mauris vehicula diam. Lorem ipsum dolor sit amet, consectetur adipiscing elit. Donec nec turpis nec ligula condimentum hendrerit. Curabitur posuere tortor id odio ullamcorper, sed viverra nisi fringilla.<xref ref-type="fn" rid="fn-3">3</xref></p><p id="p-122">Nulla eget rhoncus urna. Fusce ultricies quam vel tempor tristique. Pellentesque habitant morbi tristique senectus et netus et malesuada fames ac turpis egestas. Vestibulum venenatis lacus sit amet vestibulum aliquam. Suspendisse lobortis nisl sed libero gravida rhoncus. Suspendisse vestibulum eros ac mi tempor, vitae faucibus odio bibendum. Nam viverra mauris auctor blandit euismod. Vestibulum dapibus justo elementum lobortis fermentum.</p></sec><sec id="H4364111"><title>Web URLs; Internal Fidus Writer document links, Anchors</title><p id="p-123">URL The historian <ext-link xlink:href="https://www.marcusrediker.com/" ext-link-type="uri" xlink:title="Marcus Rediker">Marcus Rediker</ext-link>.</p><p id="p-124">Internal link in the document to a <xref rid="H1581297">header anchor</xref> and to an <xref rid="A746704">anchor</xref>.</p><p id="p-125">Anchor</p></sec><sec id="H758728"><title>Blockquote</title><disp-quote><p id="p-126">Here below is the full list of ten books that have shaped my life – one basketball book, one joke book, one autobiography, three novels, and four history books. One never knows which books will change your life and therein lies one of the greatest joys of reading. <ext-link xlink:href="https://t.co/biMVo4ylZL" ext-link-type="uri" xlink:title="null">https://t.co/biMVo4ylZL</ext-link></p></disp-quote></sec><sec id="H3595888"><title>Copyright information using Fidus Writer document information setting</title><p id="p-127">Document set to CC0, 2021, The Author.</p></sec><sec id="H5763006"><title>Language settings</title><p id="p-128">Document set to US English.</p></sec></sec></sec></body><back><fn-group><fn id="fn-1"><label>1</label><p id="p-118">A single paragraph note.</p></fn><fn id="fn-2"><label>2</label><p id="p-119">A double paragraph note.</p><p id="p-120">Paragraph two.</p></fn><fn id="fn-3"><label>3</label><p id="p-121">A note with a citation in it? (<xref ref-type="bibr" rid="ref-2">Rossignol 2017</xref>) </p></fn></fn-group><ref-list><ref id="ref-1"><element-citation publication-type="journal"><person-group person-group-type="author"><name><surname>Ressel</surname> <given-names>Magnus</given-names></name></person-group><source>Rezension: Marcus Rediker: Gesetzlose des Atlantiks. Piraten und rebellische Seeleute in der frühen Neuzeit (rezensiert von Magnus Ressel)</source><date iso-8601-date="2019" date-type="published"><year>2019</year></date><pub-id pub-id-type="doi">10.15463/REC.799967328</pub-id><ext-link ext-link-type="web" xmlns:xlink="http://www.w3.org/1999/xlink" xlink:href="https://www.recensio.net/rezensionen/zeitschriften/zeitschrift-fuer-historische-forschung/45-2018/3/ReviewMonograph899298086"/></element-citation></ref><ref id="ref-2"><element-citation publication-type="journal"><person-group person-group-type="author"><name><surname>Rossignol</surname> <given-names>Marie-Jeanne</given-names></name></person-group><source>Rezension: Marcus Rediker: Les révoltés de l’Amistad. Une odyssée atlantique (1839-1842) (rezensiert von Marie-Jeanne Rossignol)</source><date iso-8601-date="2017" date-type="published"><year>2017</year></date><pub-id pub-id-type="doi">10.15463/REC.612893388</pub-id><ext-link ext-link-type="web" xmlns:xlink="http://www.w3.org/1999/xlink" xlink:href="http://www.recensio.net//rezensionen/zeitschriften/revue-dhistoire-du-xixe-siecle/2016/52/les-revoltes-de-l2019amistad"/></element-citation></ref><ref id="ref-3"><element-citation publication-type="journal"><person-group person-group-type="author"><collab>Williams</collab>, <collab>Rediker</collab></person-group><source>symplokē</source><article-title>History Below Deck: An Interview with Marcus Rediker</article-title><date iso-8601-date="2020" date-type="published"><year>2020</year></date><volume>28</volume><fpage>547</fpage><lpage>547</lpage><pub-id pub-id-type="doi">10.5250/symploke.28.1-2.0547</pub-id><ext-link ext-link-type="web" xmlns:xlink="http://www.w3.org/1999/xlink" xlink:href="https://doi.org/10.5250%2Fsymploke.28.1-2.0547"/></element-citation></ref></ref-list></back></article>